{
    "TargetMetadata": {
        "TargetSchema": "",
        "SupportLobs": true,
        "FullLobMode": false,
        "LobChunkSize": 0,
        "LimitedSizeLobMode": true,
        "LobMaxSize": 32,
        "InlineLobMaxSize": 0,
        "LoadMaxFileSize": 0,
        "ParallelLoadThreads": 0,
        "ParallelLoadBufferSize": 0,
        "BatchApplyEnabled": false,
        "TaskRecoveryTableEnabled": false,
        "ParallelLoadQueuesPerThread": 0,
        "ParallelApplyThreads": 0,
        "ParallelApplyBufferSize": 0,
        "ParallelApplyQueuesPerThread": 0
    },
    "FullLoadSettings": {
        "TargetTablePrepMode": "DO_NOTHING",
        "CreatePkAfterFullLoad": true,
        "StopTaskCachedChangesApplied": true,
        "StopTaskCachedChangesNotApplied": false,
        "MaxFullLoadSubTasks": 32,
        "TransactionConsistencyTimeout": 600,
        "CommitRate": 50000
    },
    "Logging": {
        "EnableLogging": true,
        "EnableLogContext": false,
        "LogComponents": [
            {
                "Id": "SOURCE_UNLOAD",
                "Severity": "LOGGER_SEVERITY_DEFAULT"
            },
            {
                "Id": "TARGET_LOAD",
                "Severity": "LOGGER_SEVERITY_DEFAULT"
            },
            {
                "Id": "SOURCE_CAPTURE",
                "Severity": "LOGGER_SEVERITY_DEFAULT"
            },
            {
                "Id": "TARGET_APPLY",
                "Severity": "LOGGER_SEVERITY_DEFAULT"
            },
            {
                "Id": "TASK_MANAGER",
                "Severity": "LOGGER_SEVERITY_DEFAULT"
            }
        ]
    },
    "ControlTablesSettings": {
        "ControlSchema": "",
        "HistoryTimeslotInMinutes": 5,
        "HistoryTableEnabled": false,
        "SuspendedTablesTableEnabled": false,
        "StatusTableEnabled": false,
        "FullLoadExceptionTableEnabled": false
    },
    "StreamBufferSettings": {
        "StreamBufferCount": 6,
        "StreamBufferSizeInMB": 64,
        "CtrlStreamBufferSizeInMB": 8
    },
    "ChangeProcessingDdlHandlingPolicy": {
        "HandleSourceTableDropped": true,
        "HandleSourceTableTruncated": true,
        "HandleSourceTableAltered": true
    },
    "ErrorBehavior": {
        "DataErrorPolicy": "LOG_ERROR",
        "EventErrorPolicy": "IGNORE",
        "DataTruncationErrorPolicy": "LOG_ERROR",
        "DataErrorEscalationPolicy": "SUSPEND_TABLE",
        "DataErrorEscalationCount": 0,
        "TableErrorPolicy": "SUSPEND_TABLE",
        "TableErrorEscalationPolicy": "STOP_TASK",
        "TableErrorEscalationCount": 0,
        "RecoverableErrorCount": -1,
        "RecoverableErrorInterval": 5,
        "RecoverableErrorThrottling": true,
        "RecoverableErrorThrottlingMax": 1800,
        "RecoverableErrorStopRetryAfterThrottlingMax": true,
        "ApplyErrorDeletePolicy": "IGNORE_RECORD",
        "ApplyErrorInsertPolicy": "LOG_ERROR",
        "ApplyErrorUpdatePolicy": "LOG_ERROR",
        "ApplyErrorEscalationPolicy": "LOG_ERROR",
        "ApplyErrorEscalationCount": 0,
        "ApplyErrorFailOnTruncationDdl": false,
        "FullLoadIgnoreConflicts": true,
        "FailOnTransactionConsistencyBreached": false,
        "FailOnNoTablesCaptured": true
    },
    "ChangeProcessingTuning": {
        "BatchApplyPreserveTransaction": true,
        "BatchApplyTimeoutMin": 1,
        "BatchApplyTimeoutMax": 30,
        "BatchApplyMemoryLimit": 500,
        "BatchSplitSize": 0,
        "MinTransactionSize": 10000,
        "CommitTimeout": 1,
        "MemoryLimitTotal": 1024,
        "MemoryKeepTime": 60,
        "StatementCacheSize": 50
    },
    "PostProcessingRules": null,
    "CharacterSetSettings": null,
    "LoopbackPreventionSettings": null,
    "BeforeImageSettings": null,
    "FailTaskWhenCleanTaskResourceFailed": false,
    "TTSettings": null
}
